{
    "c4": "validation",
    "split": "test",
    "gamma_init:": 0.25,
    "delta_init:": 2.5,
    "setting_2": {
        "length": "mid",
        "use_sampling": true,
        "sampling_temp": 1.0,
        "human_bs": {
            "z": {
                "avg": -0.16418396793587176,
                "stdev": 1.0574200849272333,
                "total": 499,
                "skip": 1,
                "max": 3.39,
                "thres_0": 3.391,
                "thres_1": 2.211,
                "thres_4": 1.781,
                "thres_5": 1.6409999999999998,
                "thres_10": 1.1309999999999998,
                "full": [
                    3.39,
                    2.77,
                    2.77,
                    2.56,
                    2.24,
                    2.21,
                    2.17,
                    2.15,
                    2.04,
                    2.01,
                    1.99,
                    1.97,
                    1.96,
                    1.92,
                    1.9,
                    1.9,
                    1.84,
                    1.84,
                    1.83,
                    1.81,
                    1.78,
                    1.78,
                    1.78,
                    1.75,
                    1.65,
                    1.64,
                    1.63,
                    1.58,
                    1.54,
                    1.49,
                    1.49,
                    1.47,
                    1.43,
                    1.43,
                    1.41,
                    1.41,
                    1.39,
                    1.37,
                    1.34,
                    1.32,
                    1.29,
                    1.28,
                    1.26,
                    1.24,
                    1.23,
                    1.23,
                    1.19,
                    1.15,
                    1.15,
                    1.15,
                    1.13,
                    1.13,
                    1.11,
                    1.11,
                    1.11,
                    1.11,
                    1.07,
                    1.06,
                    1.06,
                    1.05,
                    1.03,
                    1.03,
                    1.03,
                    1.03,
                    1.01,
                    1.01,
                    0.966,
                    0.962,
                    0.957,
                    0.949,
                    0.932,
                    0.915,
                    0.9,
                    0.9,
                    0.898,
                    0.898,
                    0.885,
                    0.872,
                    0.871,
                    0.871,
                    0.858,
                    0.858,
                    0.845,
                    0.845,
                    0.845,
                    0.843,
                    0.804,
                    0.804,
                    0.788,
                    0.787,
                    0.785,
                    0.775,
                    0.757,
                    0.757,
                    0.757,
                    0.754,
                    0.751,
                    0.744,
                    0.739,
                    0.732,
                    0.726,
                    0.726,
                    0.726,
                    0.726,
                    0.712,
                    0.709,
                    0.709,
                    0.707,
                    0.688,
                    0.688,
                    0.679,
                    0.679,
                    0.667,
                    0.667,
                    0.659,
                    0.654,
                    0.645,
                    0.645,
                    0.637,
                    0.637,
                    0.632,
                    0.632,
                    0.62,
                    0.594,
                    0.587,
                    0.568,
                    0.568,
                    0.568,
                    0.561,
                    0.545,
                    0.541,
                    0.541,
                    0.535,
                    0.527,
                    0.523,
                    0.506,
                    0.506,
                    0.506,
                    0.499,
                    0.485,
                    0.485,
                    0.476,
                    0.461,
                    0.453,
                    0.453,
                    0.444,
                    0.444,
                    0.436,
                    0.435,
                    0.429,
                    0.428,
                    0.422,
                    0.422,
                    0.415,
                    0.415,
                    0.41,
                    0.41,
                    0.402,
                    0.402,
                    0.402,
                    0.402,
                    0.394,
                    0.392,
                    0.38,
                    0.38,
                    0.374,
                    0.374,
                    0.35,
                    0.343,
                    0.333,
                    0.319,
                    0.296,
                    0.295,
                    0.284,
                    0.279,
                    0.274,
                    0.274,
                    0.269,
                    0.26,
                    0.231,
                    0.231,
                    0.222,
                    0.218,
                    0.214,
                    0.204,
                    0.203,
                    0.192,
                    0.19,
                    0.18,
                    0.176,
                    0.169,
                    0.169,
                    0.166,
                    0.166,
                    0.163,
                    0.163,
                    0.16,
                    0.152,
                    0.148,
                    0.114,
                    0.112,
                    0.11,
                    0.11,
                    0.108,
                    0.108,
                    0.105,
                    0.105,
                    0.105,
                    0.0569,
                    0.0548,
                    0.0538,
                    0.0538,
                    0.0,
                    0.0,
                    0.0,
                    0.0,
                    0.0,
                    0.0,
                    0.0,
                    0.0,
                    0.0,
                    0.0,
                    -0.0486,
                    -0.0486,
                    -0.0534,
                    -0.0543,
                    -0.0543,
                    -0.0543,
                    -0.0553,
                    -0.0563,
                    -0.0586,
                    -0.0586,
                    -0.0658,
                    -0.101,
                    -0.105,
                    -0.108,
                    -0.11,
                    -0.122,
                    -0.151,
                    -0.151,
                    -0.154,
                    -0.154,
                    -0.159,
                    -0.162,
                    -0.164,
                    -0.164,
                    -0.164,
                    -0.174,
                    -0.178,
                    -0.182,
                    -0.198,
                    -0.211,
                    -0.211,
                    -0.214,
                    -0.214,
                    -0.218,
                    -0.222,
                    -0.231,
                    -0.231,
                    -0.231,
                    -0.258,
                    -0.262,
                    -0.262,
                    -0.272,
                    -0.277,
                    -0.277,
                    -0.282,
                    -0.282,
                    -0.287,
                    -0.319,
                    -0.319,
                    -0.324,
                    -0.33,
                    -0.33,
